{"cameraMode":{"drawMode":0,"name":"Shaded","section":"Shading Mode"},"sceneLighting":true,"audioPlay":false,"sceneViewState":{"showFog":true,"showMaterialUpdate":false,"showSkybox":true,"showFlares":true,"showImageEffects":true,"showParticleSystems":true},"in2DMode":false,"pivot":{"x":8.8760986328125,"y":-1.0524978637695313,"z":14.786006927490235},"rotation":{"x":0.23580887913703919,"y":0.6812732219696045,"z":0.24829502403736115,"w":-0.6470012664794922},"size":88.4635009765625,"orthographic":true}