{"cameraMode":{"drawMode":0,"name":"Shaded","section":"Shading Mode"},"sceneLighting":true,"audioPlay":false,"sceneViewState":{"showFog":true,"showMaterialUpdate":false,"showSkybox":true,"showFlares":true,"showImageEffects":true,"showParticleSystems":true},"in2DMode":false,"pivot":{"x":1855.9378662109375,"y":2451.728759765625,"z":-294.5787048339844},"rotation":{"x":0.28599897027015688,"y":-0.6995195150375366,"z":0.37040355801582339,"w":0.5400724411010742},"size":40.742794036865237,"orthographic":true}